pose_label,image_path,left_elbow_angle,right_elbow_angle,left_shoulder_angle,right_shoulder_angle,left_knee_angle,right_knee_angle,angle_for_ardhaChandrasana1,angle_for_ardhaChandrasana2,hand_angle,left_hip_angle,right_hip_angle,neck_angle_uk,left_wrist_angle_bk,right_wrist_angle_bk
Plank,data/Plank/Images\00000000.jpg,189.72464802085997,187.26140102161335,283.5425486099698,76.5467646935446,174.88268515002736,176.87994447311948,0.4581684994543699,359.4482250175619,358.29969694420873,199.811477141547,197.51790851019723,108.43494882292201,248.61566202139213,248.3939678367066
Plank,data/Plank/Images\00000001.jpg,183.3664606634298,188.4954673667014,282.6503256171143,79.67385662494935,177.4293382736327,184.46513521451985,359.813125974085,0.1616389717266196,17.720772494252667,183.6253937887641,183.27282894252346,356.0901815316018,240.0682469069942,231.15064846650284
Plank,data/Plank/Images\00000002.jpg,78.88918324745883,74.11568265547973,68.11497325692909,291.98935061618886,182.9647511158567,180.58823168846436,1.3521426601453845,358.81050637624253,349.5229577707566,177.4129658976707,179.07716948673698,24.003057138329666,153.08366089171105,155.45809695757282
Plank,data/Plank/Images\00000004.jpg,170.84268132580544,166.7924075769358,62.48799737614854,296.8768618648308,174.51627702550707,177.7000668570325,359.412415251062,0.4994119767195713,2.295636208642828,175.9903771894388,170.22596073590884,252.5528115767178,114.0599918289698,110.57639579639566
Plank,data/Plank/Images\00000005.jpg,188.83511277690428,195.639523532607,269.7915684151546,82.73056508739408,181.94248330737094,180.34569101127022,0.1878642762479892,359.7024105733793,343.52576257946146,209.6877931297249,210.5199688476719,147.54896098989371,253.50819487707986,253.96851096430822
Plank,data/Plank/Images\00000006.jpg,180.3827316453174,184.89909245378777,281.1480438352277,68.71136721217746,180.57816044230537,181.81239565527886,0.8374584587372775,358.6386645098128,343.3757955310472,188.96297296706516,186.66176058243826,131.67259575827345,239.37903008593602,238.5972039422448
Plank,data/Plank/Images\00000007.jpg,183.26821536331195,190.12086538558924,273.12604250495497,75.22253551938002,184.60888702229326,178.5580766283187,0.5787255656077607,359.15436724428037,4.4587716724090445,209.5446347395697,206.79546191696872,41.987212495816664,258.9728676949393,251.88101734636638
Plank,data/Plank/Images\00000008.jpg,179.03344511167643,174.49560264402075,71.96039794596761,289.5922818910515,185.97821123866987,185.29008120537128,0.3221165128491767,359.7009964869186,357.66269414087617,176.9621079370457,176.58341180822865,40.23635830927382,120.29498290301795,122.08982688432644
Plank,data/Plank/Images\00000010.jpg,190.9199502071418,187.35237935989235,279.18296259921294,82.46055486049069,174.5644501891247,173.29802844974557,0.29089175744121915,359.563053050403,356.0090869015702,200.8606851648134,201.41155006795753,149.62087398863164,245.00073056917958,245.13724672170798
Plank,data/Plank/Images\00000011.jpg,177.422415879362,178.6360724683971,276.7818732436636,80.67640822186199,178.7922726522241,179.2876557878367,1.1769778554325687,358.75025928784544,342.2553283749431,196.27731175550477,195.693301699962,179.10482628978895,248.67560263350637,252.14545166608076
Plank,data/Plank/Images\00000012.jpg,175.76360520094119,175.8224678273522,283.49573328079583,77.35406002225032,176.9838411642811,176.12262493000694,359.4843602229016,0.4922901581554393,353.09427486036174,188.81047177411185,189.4813605125295,155.88580146069302,244.57523972037234,245.25970145495555
Plank,data/Plank/Images\00000013.jpg,183.32684486012297,190.27503855702895,277.11868042285073,74.50909752706562,175.21661816207447,175.4444277419135,359.4975776219951,0.4720516570256614,345.7781002905385,206.85313755491308,206.2413496521578,138.91157181252868,255.42054055441818,258.7977546660106
Plank,data/Plank/Images\00000014.jpg,180.0,178.07992844006083,70.6651914621736,287.1776301462946,180.5976988196148,180.74841581217012,0.5621816118007241,359.3693908814687,0.18754688995042504,181.63438074915925,179.1526620148624,217.1466866980218,126.18578536649628,121.91153006078535
Plank,data/Plank/Images\00000016.jpg,173.47299515830264,170.53767779197437,60.68001119475024,303.322497399368,193.93779720825424,187.81868844985667,1.1407371978174925,359.29176033559804,351.8121979880955,183.0156944437807,187.71583641105886,61.50436138175502,131.3645470428737,133.60668894362104
Plank,data/Plank/Images\00000017.jpg,190.25995555642143,187.72943909836386,297.7223842452075,58.1469843524217,180.6116754747138,174.6990734834743,1.4933649423100246,358.18383101618025,347.2080245506052,185.32574062476772,184.96323428031712,130.6012946450045,244.8816894124293,242.02304350966605
Plank,data/Plank/Images\00000019.jpg,180.0,172.50414236027012,77.61924307119284,291.34727665353483,176.50845754742957,183.43363036245051,358.2366290364371,1.8055490641001586,24.84988227599118,166.2339156932263,160.67290735441227,293.5145566829366,117.70266729837729,108.59950796694694
Plank,data/Plank/Images\00000021.jpg,267.87890360333853,260.1486726571919,266.7556008892631,97.1250163489018,181.41903157457995,182.0373306968199,359.24015357438947,0.790236502429187,358.99491399474584,194.4478339759662,193.67130713219584,159.1791071466892,214.26110289909457,214.01868643718987
Plank,data/Plank/Images\00000022.jpg,173.12878389368447,172.02187548440793,79.80366813541285,280.5863244017806,180.77112253256232,182.55543801132447,0.08663412873930451,359.9133658712607,356.76549835139156,164.23409601424123,163.90115646249265,321.09586154459583,115.36037842570693,114.23923308869581
Plank,data/Plank/Images\00000024.jpg,177.5958639462463,175.12923491470588,55.49668429937653,299.47588900324575,184.02310333090128,180.27479779467993,6.2623513180558,354.34217172961786,336.2164510233669,184.19061954877944,182.21475512731922,41.83542637811445,121.15018632889904,115.73851792332206
Plank,data/Plank/Images\00000025.jpg,179.326894649824,181.2129780291193,67.80704528214414,292.00718468965147,182.07913172190476,183.7367463170145,0.09889423329111309,359.89048019019145,359.5301162247233,174.81934742754024,172.06508691529268,355.6012946450045,116.18668832185166,113.85103013997875
Plank,data/Plank/Images\00000027.jpg,189.76306715132898,188.21823026896695,77.19041490953602,282.2616020821988,177.3419373545828,179.5488614532127,0.439438731551764,359.63242987338816,5.97940933407993,171.66370511770248,169.01009467801987,283.3136323121434,119.88598707121285,118.20355003267963
Plank,data/Plank/Images\00000030.jpg,190.61965527615513,186.7889745744388,287.1524217402118,71.99583839408662,179.55465131914286,179.64523190535556,0.6922787738405455,359.2518540080108,357.95459151111277,183.9399177656157,183.20506452830944,129.00461319592452,241.05083099163946,238.86579886003472
Plank,data/Plank/Images\00000032.jpg,175.6012946450045,174.9328382741468,70.60218755144177,290.9445642494616,187.39918505469186,186.45384636504755,0.14853833328359353,359.89889448071864,0.15906616410793145,181.2597302929609,186.14402010477195,167.79953127261922,129.3804923839677,128.72527535654908
Plank,data/Plank/Images\00000034.jpg,189.19998962588699,185.35582504285517,286.51472640561406,72.95480578170562,180.44457520577438,177.57466558900794,1.301952672578875,358.629411697641,353.0530346859502,191.24753578808227,190.8311964274577,147.80426606528675,242.02141109355983,241.22579715096256
Plank,data/Plank/Images\00000036.jpg,192.9472953366199,184.6802184273201,305.0703115132519,57.521648421482524,182.53845665223946,181.4222753333534,0.42581468346309687,359.47444997756577,354.0938588862295,182.00434022192925,183.22001652710094,138.69138598645128,245.00833314465024,247.797836858445
Plank,data/Plank/Images\00000039.jpg,180.17642986426645,178.57712234281104,287.46198716066635,71.13499604508321,185.89247648738683,180.69415981488925,0.5980553095758272,359.3367009064023,353.34424241653187,172.35136345168237,174.45184667882708,151.08165195681372,231.08330077096656,231.04198600948828
Plank,data/Plank/Images\00000042.jpg,190.65581163200767,193.1005087858903,290.7722546820458,66.13695399096726,184.56463163065462,185.64361247668697,359.935471146906,359.9616039475143,350.20664507886136,186.37445955253756,186.85174761249695,145.28537797494747,245.63929938142218,245.87021497578593
Plank,data/Plank/Images\00000045.jpg,180.17642986426645,178.57712234281104,287.46198716066635,71.13499604508321,185.89247648738683,180.69415981488925,0.5980553095758272,359.3367009064023,353.34424241653187,172.35136345168237,174.45184667882708,151.08165195681372,231.08330077096656,231.04198600948828
Plank,data/Plank/Images\00000047.jpg,179.326894649824,181.2129780291193,67.80704528214414,292.00718468965147,182.07913172190476,183.7367463170145,0.09889423329111309,359.89048019019145,359.5301162247233,174.81934742754024,172.06508691529268,355.6012946450045,116.18668832185166,113.85103013997875
Plank,data/Plank/Images\00000050.jpg,320.7330738240964,301.85113230476287,311.10782566797246,50.341394674311786,179.21212119671358,183.91202022870866,359.7155224876903,0.03808715116795057,3.3664606634298058,193.69977001088432,190.2343719907608,42.91322272442923,213.10190687499886,217.68287781770215
Plank,data/Plank/Images\00000052.jpg,175.6012946450045,174.9328382741468,70.60218755144177,290.9445642494616,187.39918505469186,186.45384636504755,0.14853833328359353,359.89889448071864,0.15906616410793145,181.2597302929609,186.14402010477195,167.79953127261922,129.3804923839677,128.72527535654908
Plank,data/Plank/Images\00000053.jpg,160.44592712904287,154.8593071442494,57.5945892870371,305.42607083069805,180.56170533256656,179.72321094782225,1.8731042764136816,358.43289860867077,353.80609503284904,176.94874174543432,176.03534527714388,23.008870082822874,123.27516129953021,122.05833424722798
Plank,data/Plank/Images\00000054.jpg,176.53177074108288,175.229818068504,88.21008939175394,267.86832231012835,180.07680394798257,185.07687056075417,356.8778695378843,1.2857243323588134,41.28883891754307,157.48536134230935,146.58473026870016,105.67952412241927,110.29477164855193,95.10993517722711
Plank,data/Plank/Images\00000056.jpg,189.19998962588699,185.35582504285517,286.51472640561406,72.95480578170562,180.44457520577438,177.57466558900794,1.301952672578875,358.629411697641,353.0530346859502,191.24753578808227,190.8311964274577,147.80426606528675,242.02141109355983,241.22579715096256
Plank,data/Plank/Images\00000058.jpg,187.65314538403555,182.1432282874733,306.1902993332019,60.11859208413944,131.9720628982022,137.72631099390625,1.483973795103125,358.24957020463324,1.5481576989779662,191.2589122029881,190.84412339125524,124.96074521284764,234.19326568597677,232.83779006197256
Plank,data/Plank/Images\00000060.jpg,194.530096827058,197.17056135193815,273.99091309842976,81.94316586615345,175.9807172303623,173.48210157291174,1.0392824274325365,358.7590745916468,348.09573428450824,209.40718906073363,208.43063376980848,146.21977396540802,250.12407098943982,249.43356325043035
Plank,data/Plank/Images\00000062.jpg,87.53188208617145,83.55507485398039,77.49981155895436,279.29277221246315,183.92388932275296,183.2209010761408,0.11761580446688315,359.921940403183,355.1214571703582,175.99582705929063,175.4183807985207,49.69868051729944,153.29621839303442,154.05508337443936
Plank,data/Plank/Images\00000063.jpg,194.87294018322137,183.78504471710903,292.0697557169875,69.16244170809195,175.82766675589107,174.25046546873673,0.6965709014221758,359.2149603445566,354.0938588862295,190.11808333726222,191.04297678429378,142.76516601842533,248.32859458037706,250.2199554540042
Plank,data/Plank/Images\00000068.jpg,269.85782714164304,271.0971206186565,350.23510466727595,10.881943380688362,181.3894818444148,183.0664855011259,0.01628646332289,359.9011290377192,357.70938995736145,181.45857628612296,184.19992680843052,81.25383773744483,230.70503691374736,225.99655921321755
Plank,data/Plank/Images\00000069.jpg,168.5627437810924,168.9964591482505,57.84388284688202,297.7861849970202,180.18732789701178,172.44365594356054,5.58563432420877,355.30692253425946,334.9761674666459,182.41123585617575,181.140397688062,48.4533162505311,119.77540648292631,117.65079438719451
Plank,data/Plank/Images\00000071.jpg,100.79892408733842,85.25150790688826,81.85417000980944,282.32272767916936,184.41683501777402,180.13293660487403,359.42327680950666,0.7755300222620372,357.48524735252715,177.77092864544184,182.46716676235508,59.82647997035567,151.69924423399362,156.86852672958375
Plank,data/Plank/Images\00000072.jpg,169.38034472384487,194.03624346792648,108.9581834051062,76.67546873810922,171.86989764584405,174.273605489621,355.6384273549794,3.945186229037563,165.96375653207352,191.02345596374315,196.15135774135496,282.1745879283371,157.4718141676961,239.3002774491856
Plank,data/Plank/Images\00000073.jpg,185.07960786001456,185.19442890773482,287.344381587907,68.27073323492004,176.56204085397408,175.30131948270056,2.4314811115476713,357.3264091694524,352.7230058125343,194.74789162004615,191.36243317360248,122.75366714031958,251.1212148443194,249.17220510991945
Plank,data/Plank/Images\00000074.jpg,192.22614407280872,196.62484942780426,286.60007823197924,71.27302628726245,176.0177749911982,176.4728761979887,359.7979705851351,0.09696075275930201,353.8969080958523,186.0262033556752,186.80440686616222,125.27587113126708,239.78729723935786,238.3505919067615
Plank,data/Plank/Images\00000076.jpg,184.7636416907262,191.56225282082792,293.1985905136482,59.60491739441551,172.52131049185172,165.43325521539973,358.6384728445876,1.345498817801992,350.75388725443673,183.3664606634298,183.2202716398243,108.00416160591338,236.49777342726168,234.97512672045866
Plank,data/Plank/Images\00000078.jpg,184.08561677997488,182.30860918742084,69.92847413546127,289.4554659561395,180.44140713385153,179.68534835810084,0.9971705307559474,359.0177177796656,354.2841976817244,179.9762946726339,177.723657722618,24.928474135461272,120.0975649088664,118.788023399658
Plank,data/Plank/Images\00000082.jpg,194.87294018322137,183.78504471710903,292.0697557169875,69.16244170809195,175.82766675589107,174.25046546873673,0.6965709014221758,359.2149603445566,354.0938588862295,190.11808333726222,191.04297678429378,142.76516601842533,248.32859458037706,250.2199554540042
Plank,data/Plank/Images\00000083.jpg,199.89355395413415,192.91593546330247,307.8749836510982,55.7728161108818,176.1689486389433,174.14342789451928,0.4272639501940411,359.4578748388387,357.4781566957685,180.0,177.54263839405033,180.0,231.50030602403064,232.38349179625658
Plank,data/Plank/Images\00000084.jpg,184.70509697726624,184.41862046698915,289.0235833814636,67.04448103207325,174.8460914387722,166.5227220129057,1.9288822096343679,357.71065170101934,352.5685920288275,194.1177783705202,194.45752837209508,118.10135130596178,248.77070251495692,248.45902408146156
Plank,data/Plank/Images\00000085.jpg,269.85782714164304,271.0971206186565,350.23510466727595,10.881943380688362,181.3894818444148,183.0664855011259,0.01628646332289,359.9011290377192,357.70938995736145,181.45857628612296,184.19992680843052,81.25383773744483,230.70503691374736,225.99655921321755
Plank,data/Plank/Images\00000087.jpg,191.11571023655037,202.31669913675515,295.47875221485464,56.93535385611327,177.93399243898432,177.2378716866212,1.0548456388172374,358.9232575073669,344.71477316544497,193.23619450845297,190.49456689959135,170.041929401539,250.78858282576232,250.68864917555175
Plank,data/Plank/Images\00000090.jpg,171.35229870812506,192.62182025652433,122.74599008552842,67.26957893347517,174.45553180682938,174.5475704684853,355.27722230931596,4.549502890495281,167.29597638594316,188.2493441789063,193.13180125996666,289.6647230078007,160.92865220252418,244.26024148977064
Plank,data/Plank/Images\00000091.jpg,184.08561677997488,182.30860918742084,69.92847413546127,289.4554659561395,180.44140713385153,179.68534835810084,0.9971705307559474,359.0177177796656,354.2841976817244,179.9762946726339,177.723657722618,24.928474135461272,120.0975649088664,118.788023399658
Plank,data/Plank/Images\00000092.jpg,165.49522672280347,190.66978280449666,112.54306100005789,78.03317587037625,180.57872556560778,170.41216697518138,354.18830711098224,5.510553558761302,172.51004731536756,185.86960044301472,198.35678273292623,292.3129653529389,158.9586725635059,243.41826882935737
Plank,data/Plank/Images\00000093.jpg,100.53918372862823,103.27011653860181,100.53918372862823,259.59228868750995,183.95966582931388,182.9118536727602,0.7509055930155094,359.33986671798175,349.59228868750995,165.7354877019201,166.8659776936037,13.767070645144676,149.1959896511525,148.17787554682738
Plank,data/Plank/Images\00000094.jpg,166.22996801873143,166.91332338850938,72.52746558083861,289.6933141739948,182.84864433144884,181.0391628006257,0.32716927162153925,359.71169009330055,355.8239867255138,167.08678746129928,168.9192780727466,18.952278145708082,114.4415220452145,115.45234298142955
Plank,data/Plank/Images\00000097.jpg,185.07960786001456,185.19442890773482,287.344381587907,68.27073323492004,176.56204085397408,175.30131948270056,2.4314811115476713,357.3264091694524,352.7230058125343,194.74789162004615,191.36243317360248,122.75366714031958,251.1212148443194,249.17220510991945
Plank,data/Plank/Images\00000100.jpg,196.76536519111295,191.30993247402023,296.2906294256266,64.86141655369964,173.30577086810683,171.5246903196558,359.5910434938234,0.4653886959548705,0.8905362533605717,190.57926822021741,189.80072675837667,185.35582504285517,244.27800492937484,242.457040017775
Plank,data/Plank/Images\00000101.jpg,193.0462213143228,188.37425902759904,280.3320983184273,78.94955750683624,174.50140109466065,171.29803112647411,358.4412042272454,1.5717277039849917,1.031400156690956,196.30955144872854,197.19528733104409,103.62699485989151,245.39026141518798,242.45782649705882
Plank,data/Plank/Images\00000102.jpg,184.7636416907262,191.56225282082792,293.1985905136482,59.60491739441551,172.52131049185172,165.43325521539973,358.6384728445876,1.345498817801992,350.75388725443673,183.3664606634298,183.2202716398243,108.00416160591338,236.49777342726168,234.97512672045866
Plank,data/Plank/Images\00000104.jpg,97.90716270295844,86.18592516570965,84.66784111834043,276.6764800604021,185.36885628797097,184.25768153238303,359.5615379281162,0.4406742685013235,353.1009518114993,172.19813657526325,172.64023659247565,52.76516601842533,148.92958365296425,152.37301500405633
Plank,data/Plank/Images\00000107.jpg,186.9112271190247,193.2405199151872,293.22167503275085,60.371969213072184,161.314917108329,161.565051177078,4.51710371351761,355.39114863784096,340.23283132320836,193.32108876447774,188.43535628289828,154.9480703789903,240.5917227416764,236.56020717891505
Plank,data/Plank/Images\00000111.jpg,137.8256103390498,100.90699109416155,106.97191691434764,253.78197196423454,190.43964219853842,183.15071641326776,354.4794987653935,3.4348541605517773,57.4127461943382,150.9689023961905,148.3136323121434,141.48307369289725,129.79731878359215,128.4699740792424
Plank,data/Plank/Images\00000114.jpg,184.24800665065302,184.50704042705027,282.88571394321775,77.03859814900798,176.38659943790333,174.7715019543075,0.7480329559599153,359.1209713821487,359.6688142115846,194.27452943181402,197.13916893414958,94.76364169072616,247.05952627243477,247.2478610701234
Plank,data/Plank/Images\00000116.jpg,122.95296950879482,102.27771490748738,112.1179911689032,260.6955731309904,193.56263172791012,189.1627288572243,4.062570858262641,356.27270346935995,14.883800569679979,171.19651370766456,179.1032342804446,57.89374404488216,158.341436111456,163.74364853352043
Plank,data/Plank/Images\00000117.jpg,161.0193935836623,165.8608916883495,65.69408859205005,292.7190210870306,183.00766296366456,182.38183810952495,2.2481525106579343,357.9177817402773,336.4286726846502,171.6511970685151,172.30333108604188,353.39044125959913,116.17484758771832,118.1980741028213
Plank,data/Plank/Images\00000118.jpg,268.85423716182487,259.8244891569568,271.827968244305,87.3057157101439,180.16901360862852,180.8827618773619,0.3794367014189796,359.1838288768603,14.03624346792647,186.31957751691704,188.19124276480264,13.986115939584938,210.19212666067165,211.25593033562117
Plank,data/Plank/Images\00000126.jpg,188.8131952920858,178.70206846011794,78.21226753282521,296.8892105444625,177.51044707800085,188.13010235415598,349.32889173272537,5.718594223820074,50.33258992654654,169.11185263163628,157.98871680208063,140.71059313749964,102.77017870681338,68.96525916166269
Plank,data/Plank/Images\00000129.jpg,172.8749836510982,174.20341091240604,277.6053050319431,83.7499696001908,177.39673858244203,176.99677454170805,359.98071498574575,0.015095712867166395,2.781717570044048,193.92007736992153,196.4265307042419,265.9555144258189,239.57095290443735,240.6898605368609
Plank,data/Plank/Images\00000136.jpg,276.23579627167607,260.5376777919744,277.31164689246737,81.70285503016314,180.0,177.04181589059522,1.124062534510001,358.7735511896985,358.45184230102205,187.07101468768838,185.37416216235897,103.43102887068167,209.1043896253384,212.05568309670184
Plank,data/Plank/Images\00000137.jpg,196.76536519111295,191.30993247402023,296.2906294256266,64.86141655369964,173.30577086810683,171.5246903196558,359.5910434938234,0.4653886959548705,0.8905362533605717,190.57926822021741,189.80072675837667,185.35582504285517,244.27800492937484,242.457040017775
Plank,data/Plank/Images\00000138.jpg,80.2724214485984,79.79144449444841,61.93409273562858,286.5248125124041,182.92116564334466,185.07235568873338,5.047832844867832,355.40984530447344,330.7807533095154,179.2632302205243,172.255115322384,65.24145247429327,151.91439522455613,149.01861942064687
Plank,data/Plank/Images\00000146.jpg,184.24800665065302,184.50704042705027,282.88571394321775,77.03859814900798,176.38659943790333,174.7715019543075,0.7480329559599153,359.1209713821487,359.6688142115846,194.27452943181402,197.13916893414958,94.76364169072616,247.05952627243477,247.2478610701234
Plank,data/Plank/Images\00000149.jpg,173.84943450038205,175.54645450269368,274.94833375002435,85.22199846508498,185.5105535587613,186.80930505861267,0.08357919682077615,359.9219994407721,2.862405226111745,198.434948822922,199.79932118717255,258.4193808177719,247.4885030547534,248.85888498097006
Plank,data/Plank/Images\00000151.jpg,179.90121427113843,170.55855817716994,293.4412535406527,80.4351976452179,183.01372991547845,184.46837898745386,358.1026969628459,1.9621435510188145,43.7297917371197,194.4656853662025,193.78930881344232,309.09385888622955,259.89665280430404,248.90031541955534
Plank,data/Plank/Images\00000153.jpg,185.8519863288451,186.02682919816178,70.29202115702128,301.80501365831003,169.00749241973227,173.08478202096728,358.96768378432864,1.120132754655674,28.5584120380291,182.86240522611175,179.45223095314594,249.44395478041653,119.73000040396447,119.50063548977862
Plank,data/Plank/Images\00000156.jpg,91.00508600525419,78.59409478573356,82.8749836510982,282.38578309481153,181.9414863909144,183.99015494698008,0.1302556545158472,359.8565710179469,358.53205435716654,165.96375653207352,162.02986583494223,8.972626614896393,142.4867273233013,140.92006839858192
Plank,data/Plank/Images\00000157.jpg,186.70983680775691,166.38541723436867,176.66048821963207,257.31776829697526,175.9849124886285,198.78991084560195,327.5645816887201,32.898719436791225,122.97751506624346,163.99585327763393,171.70257140875128,60.230443519607796,159.14739946895588,147.41671627497303
Plank,data/Plank/Images\00000159.jpg,164.87599269168942,109.41706598614621,80.17691920821511,50.140386498263126,175.53190132465969,175.2515079068883,354.1208372294735,5.781642946503966,124.08149289334744,175.0549433140962,185.36865532841662,313.04007274087365,138.56522192759732,211.16882287016614
Plank,data/Plank/Images\00000160.jpg,197.83813937169285,196.23303851041263,284.00673997953874,72.58857523953162,179.8397325032732,180.19146388051092,357.19900198010095,4.683805542423693,17.122686693991206,202.47602991215433,198.68534594735937,14.598372701852952,258.6739596322481,249.76601332293822
Plank,data/Plank/Images\00000161.jpg,191.39615630586465,186.00900595749454,287.7101512063631,76.13031356149496,174.65172778856865,175.1277202530537,3.6507785000487813,356.0476401414127,357.0390638658362,189.80446682715072,188.8812899042826,117.0848574956002,238.91598074012816,238.18151698268173
Plank,data/Plank/Images\00000163.jpg,181.39718102729637,177.06432655357884,279.74107261132946,83.7468373690624,180.4617662783386,179.70002483769608,0.8121579474065767,359.0815567504526,355.17050742799586,198.66877376390545,198.70843495358886,170.8376529542783,249.82223230070096,250.19477038959502
Plank,data/Plank/Images\00000169.jpg,191.39615630586465,186.00900595749454,287.7101512063631,76.13031356149496,174.65172778856865,175.1277202530537,3.6507785000487813,356.0476401414127,357.0390638658362,189.80446682715072,188.8812899042826,117.0848574956002,238.91598074012816,238.18151698268173
Plank,data/Plank/Images\00000171.jpg,275.9206207140468,260.5376777919744,278.10316498918576,81.75367918553147,177.03234342630702,174.93949164194913,0.5632552992959161,359.2581840732387,358.9390883097358,186.5732281482642,186.82216734502367,98.48708078488826,207.79567301755847,212.05799539111572
Plank,data/Plank/Images\00000175.jpg,285.94539590092285,274.2538364361192,291.99958779503766,66.34402873237468,162.06543827587024,168.05582281155367,0.9026783066070739,359.0348131738407,348.69006752597977,187.48166447501941,182.3244493887475,163.25802961470689,203.08558746769617,204.8047070973254
Plank,data/Plank/Images\00000176.jpg,182.87196248699277,173.65980825409008,72.25067500511203,290.84035851246244,184.61635209355103,186.7910962081611,0.5130132129257945,359.5489513625114,357.1778447001882,171.2297948194978,171.44886585007956,350.3266445675965,116.55738824018198,115.84343774682803
Plank,data/Plank/Images\00000177.jpg,178.6360724683971,180.0,289.49053050797545,67.52056560289688,172.44701193174328,173.42143542738035,0.5637885804635578,359.4134178109045,349.695153531234,183.20289141043338,181.88301861820906,178.09084756700364,242.1308550438051,243.02396371729196
Plank,data/Plank/Images\00000178.jpg,185.80672690553158,181.33221985386965,319.26789330029084,65.08701111264575,195.8539057119955,182.41950921665634,356.0984315066625,14.435974978975198,48.510629934237826,163.96381776768857,176.1660675719415,350.8924382061896,287.50555072544205,255.69069038539314
Plank,data/Plank/Images\00000179.jpg,187.39646300141848,183.6633273307545,284.4492654032463,76.80938928779315,170.8758683327554,174.478409874753,25.253163394573882,333.90190084473727,358.0928327301763,206.8374083477652,183.85200649343793,104.4320629361359,255.64795161611178,233.92607712924783
Plank,data/Plank/Images\00000182.jpg,173.96568062240596,178.15238973400542,76.72436930775002,285.28242841477083,172.1418214342019,174.08591805016562,359.45536201723957,0.6116754747137857,10.007979801441346,160.07899548708568,156.4980643144735,225.46962701968963,106.80049329718958,104.66782490370007
Plank,data/Plank/Images\00000183.jpg,178.66940819089774,172.8247388997162,83.2264201345134,297.8769389595821,182.98836623935333,189.87405925175742,351.7959181524118,3.350319767638281,44.85420952708078,161.80321087407418,158.11329726885592,162.46022488728906,101.23461227685017,68.763306695365
Plank,data/Plank/Images\00000184.jpg,173.65008886834565,171.48536798625952,70.7501627152103,290.7609648734209,174.67724929223178,177.3974377975002,359.5889473497471,0.4183607375232307,6.724721405494417,163.68258595383273,159.77514056883192,129.04589256883494,105.32709828769458,104.03624346792648
Plank,data/Plank/Images\00000190.jpg,167.1703671436836,168.7229866717474,68.45421052358722,293.23998491831435,186.5339512331374,187.55634405643946,28.831482262398936,331.2940474565989,353.8178106926254,186.08338967289183,156.43504295224088,16.927513064147046,132.7421960113276,104.09676342694792
Plank,data/Plank/Images\00000191.jpg,176.89196906500018,172.76016260337795,73.60449446249764,285.14505559568636,179.3219750892487,181.43107441368747,358.6206069956147,1.553403124168194,352.6656211985833,168.88350291365091,170.5916325122569,46.78991060824607,117.28925701124386,118.48437775603625
Plank,data/Plank/Images\00000192.jpg,106.10616386829234,98.31688499977685,95.33244391968987,270.22721273959166,178.79838512871262,177.93289678306476,0.31181068775280146,359.73759583527044,1.7301305273141852,171.70998536171905,176.06360011953842,27.03086025984298,149.17174472679125,151.91273329816755
Plank,data/Plank/Images\00000193.jpg,197.83813937169285,196.23303851041263,284.00673997953874,72.58857523953162,179.8397325032732,180.19146388051092,357.19900198010095,4.683805542423693,17.122686693991206,202.47602991215433,198.68534594735937,14.598372701852952,258.6739596322481,249.76601332293822
Plank,data/Plank/Images\00000196.jpg,175.76360520094119,176.0454390781164,80.90972307917767,280.49277391311034,181.1245994974424,181.2685803232436,0.0,0.0,356.0030113192259,164.41341375048526,164.48138697895283,359.2559407971113,112.599120104165,113.19734433013244
Plank,data/Plank/Images\00000200.jpg,268.45184230102205,267.0011136147141,265.23635830927384,93.63731891573505,178.51213247117224,176.6049045734652,0.12326955918651661,359.89202452826106,348.18791211534005,200.28775268748043,201.07640991128727,214.69515353123398,218.1221131260332,217.70709479214548
Plank,data/Plank/Images\00000206.jpg,176.89196906500018,172.76016260337795,73.60449446249764,285.14505559568636,179.3219750892487,181.43107441368747,358.6206069956147,1.553403124168194,352.6656211985833,168.88350291365091,170.5916325122569,46.78991060824607,117.28925701124386,118.48437775603625
Plank,data/Plank/Images\00000207.jpg,106.10616386829234,98.31688499977685,95.33244391968987,270.22721273959166,178.79838512871262,177.93289678306476,0.31181068775280146,359.73759583527044,1.7301305273141852,171.70998536171905,176.06360011953842,27.03086025984298,149.17174472679125,151.91273329816755
Plank,data/Plank/Images\00000209.jpg,174.14398641457106,176.1799270731699,69.62356478616361,289.84052773370024,186.22725100763074,185.71059313749964,0.16252391445551714,359.88471689699423,358.8057999483187,183.4102871053002,187.33061315424214,122.47119229084849,130.4681871964105,130.68650417871865
Plank,data/Plank/Images\00000210.jpg,71.86191784440268,71.79735863045649,352.6139568487327,3.421926066735949,189.56620861903326,188.28931859930606,1.2053926793566576,358.86822629302117,350.1150417984952,162.21817300148567,159.3627125917117,39.35668171946603,132.34682162259443,125.61607236643137
Plank,data/Plank/Images\00000212.jpg,166.16237757436696,164.32501014662807,57.04940384069365,293.98388895659366,184.2851735758835,181.34507836643354,355.91389802235807,3.8458898750363857,348.8826576561528,184.7426478739983,181.2308314391275,16.073574164746393,123.85857591387548,124.25994577902178
Plank,data/Plank/Images\00000213.jpg,196.09884353750738,198.05968075473174,282.5677402826701,67.99426906105249,50.0351836364107,178.29285707116492,84.78025196614868,297.52522574374433,323.0745832053376,322.0961374302218,204.77902746599966,220.80640992452575,322.8957650942938,264.8934331624703
Plank,data/Plank/Images\00000217.jpg,185.05477627610395,186.61346048231476,279.3032308054652,77.30184565241649,174.1109468008774,177.9656650612491,1.6209875284185644,358.29527168099276,357.68238002895674,191.78052377691543,187.7126941671264,96.85511898010053,239.7361176948798,236.79639438425136
Plank,data/Plank/Images\00000218.jpg,183.98781700949885,187.664293271391,282.0808370077583,80.68645002305362,176.40999896149415,183.04135059489113,359.96439929654554,0.024569372213192157,17.29045730318801,184.15331286142097,183.97464147194424,351.6659989353772,239.67802210795287,231.47983974925822
Plank,data/Plank/Images\00000220.jpg,183.01278750418334,165.72581861619656,81.2538377374448,283.32584710552817,178.51648101402463,179.42706130231653,0.41289164514666954,359.6373733260375,354.0385073473442,162.8798054684607,162.0391189124807,25.26731050033899,107.69088962003329,110.9411022664802
Plank,data/Plank/Images\00000221.jpg,176.31753045500966,184.61064931866062,287.24025151911485,67.93651902164157,135.80128733010702,135.42651157211426,1.680678647129841,358.16462442292556,347.23097273504897,196.9927161784209,195.42007730537208,122.57405713457253,228.88756156021046,229.86626088758817
Plank,data/Plank/Images\00000227.jpg,114.46441025241896,66.34683492798372,15.991924865449358,0.45457455836809596,186.980452031168,186.89192307640846,1.4502162909334402,359.4512290010611,7.613221765966614,175.31800760857084,175.94184424220927,127.81684909261749,145.4212573287397,138.91824886406738
Plank,data/Plank/Images\00000229.jpg,173.8844964337146,173.8844964337146,70.01689347810004,288.0604719361992,180.35367315924648,185.02830396340582,359.57647297496294,0.4531206196239774,355.9143832200251,176.43084284900536,173.2853313673673,50.527540151656176,114.83026293453445,115.13044319190249
Plank,data/Plank/Images\00000231.jpg,182.29061004263855,174.47245984834382,80.21759296819272,290.88763451503263,171.57071735298754,173.6366895817013,359.12564101265616,0.9495668564358274,18.749757630311116,167.47620197689963,168.65529765971556,270.5787255656078,116.40455921724336,114.43438666662934
Plank,data/Plank/Images\00000233.jpg,82.93868604806967,95.11731484997264,1.1326514032868833,357.8167606998175,192.22345518604567,191.45750659588253,2.1262954934240383,358.20818606718524,343.2862761657301,176.25666969508745,179.6066713080636,7.9968804276015915,144.80646726169792,147.9119254847774
Plank,data/Plank/Images\00000235.jpg,189.2726017772003,187.00679964008057,287.5924245621816,72.47376396002403,178.8907670160725,178.69724010964634,0.7638984609299952,359.1808562759174,358.0568172129495,183.49991494364593,183.0064502843711,132.31022967684953,240.36161631184865,238.22221747865495
Plank,data/Plank/Images\00000236.jpg,172.33570672860904,173.50065372034544,81.15755343368073,279.23369916265085,189.28564827678892,184.66097293648957,0.0958122510134962,0.020577915856409962,359.3598503304765,170.62182733127156,173.0635048879523,62.34257692821923,127.44371407781036,123.70759989370463
Plank,data/Plank/Images\00000242.jpg,181.8840502310918,183.00807024917071,289.93373064691764,73.5236954172039,176.8035559874505,175.92568341963795,0.37231390440034245,359.65674781654565,20.234438529303272,183.1221304621157,186.28947256808704,6.997124196322867,246.63590171787774,235.70400674927794
Plank,data/Plank/Images\00000246.jpg,183.08730572792467,183.49429337019293,285.1510865350157,72.21334916115156,168.0376278996492,171.60500363127886,1.3679515483412523,358.540323979688,353.60468588838756,190.33161602584937,186.76061561956195,138.33633670221332,242.2994252440749,242.0072830913935
Plank,data/Plank/Images\00000249.jpg,120.5406048496815,168.93748761455365,332.7575567326762,25.88163492751122,181.94148639091438,173.86245554218277,6.118333414085328,352.78777553044756,337.4882288374812,270.6773920902458,256.55337030256345,55.77065555153102,271.9512057766588,284.93069294187114
Plank,data/Plank/Images\00000254.jpg,89.31955955026646,66.62455790917008,78.3867843620264,281.92565038398453,193.21452092455763,192.23562186676634,0.03837626988951792,0.14109452249540783,333.1582812741458,167.23977870442806,169.6699273892957,13.407508437063179,148.72437216498523,154.59918936192085
Plank,data/Plank/Images\00000255.jpg,178.40393614202426,167.63350284678518,83.36957884021201,278.13010235415595,176.40351323031356,176.6335393365702,359.9064559532983,0.056803464052827116,349.695153531234,156.60250888994145,153.434948822922,353.50922836552434,103.0192654372073,104.11749755782117
Plank,data/Plank/Images\00000256.jpg,162.1153672479933,160.97942476227027,64.0786945370974,292.91518625524304,193.63222764983195,195.45201064112968,1.2330819741193668,358.88295364968144,346.1153323147418,168.69006752597977,163.6697515863452,15.524110996754258,119.14419867736142,118.00374067581828
Plank,data/Plank/Images\00000261.jpg,179.58731244648027,203.36703625118687,89.0635996143398,261.25383773744477,178.10638751224587,177.62325752403694,359.26226877305317,0.783865982645109,354.83017211244214,153.434948822922,150.10109816138544,184.57392125990086,109.55231930489134,109.69097482575215
Plank,data/Plank/Images\00000262.jpg,175.30252817792038,175.4664019465871,64.65855611779752,297.1436685163504,183.81407483429035,182.19911370586794,0.16798835756950714,359.86022606419317,355.1666342432801,180.07963272080679,180.69093433240417,18.62157936648758,118.01930658551841,119.14625322899535
Plank,data/Plank/Images\00000265.jpg,213.09169993868244,168.92979742206063,144.59313426273033,276.11993034364764,127.26640190097716,192.3706430895391,314.2882877939643,48.20165431110677,120.43923895483053,135.1550626241631,153.23177315145563,70.1950855192973,93.38476894831972,110.55604521958347
Plank,data/Plank/Images\00000266.jpg,184.89909245378777,187.3416345210128,280.75096699318806,76.03777248303759,180.10451184509628,173.91391240463935,0.2454132336150448,359.7189683873329,357.372830275353,185.30902031397258,186.03196350460834,74.17551297686859,232.7590673977096,235.77621102812702
Plank,data/Plank/Images\00000268.jpg,165.12290304319606,168.75905699235327,67.87882093429256,297.66129304269816,185.10864696864272,188.81719592255757,24.78492802680183,335.42948749060145,359.0445218786848,184.7950423705454,162.62191450627782,293.09682191816086,132.47789810065942,109.68994446288806
Plank,data/Plank/Images\00000274.jpg,173.18033617420406,174.40529014932312,66.81160688411669,287.7538904274927,183.96791813798694,187.70900746790818,0.068453706393725,359.8914853958211,357.5871582283255,179.5720282806451,169.70578467293967,27.758540601060023,120.416569105767,115.59276183653783
Plank,data/Plank/Images\00000275.jpg,91.03535318654495,81.24853551836748,81.57303097851933,279.735187408267,185.90940452890132,189.3489775892873,0.12742368470310017,359.87737679607375,355.8855744839061,161.99583839408663,159.12730070681542,1.735704588928388,139.48408787551156,138.80515745565864
Plank,data/Plank/Images\00000276.jpg,92.1552756207915,85.80629752630561,80.69776902490895,277.6450132716707,182.45601524173142,183.5473758415946,0.6263972439891932,359.4182233664193,353.6299355876034,173.98812556036145,174.25815320160834,43.63607246839708,148.76797087551952,151.04268582441279
Plank,data/Plank/Images\00000277.jpg,175.6839724801344,175.82867073246732,71.6477290122079,287.16594605944914,180.11300928050065,179.37306802730754,0.43694694959694835,359.57629201684836,2.5855256622453955,166.1466703785573,167.2344342189414,171.86989764584402,110.9797532027351,107.6396279416611
Plank,data/Plank/Images\00000279.jpg,180.33835696926528,183.914799804385,78.20915637818302,288.0912144527475,173.48816459160733,176.4049903389909,298.5699006759261,61.612316638789196,19.23530346031925,168.1429833822809,224.3414568224364,189.1178627537958,116.02050483560028,168.3763065954938
Plank,data/Plank/Images\00000282.jpg,176.18592516570965,172.46631883010807,72.07208023799276,286.3174967322926,176.61495114483398,180.8809200509138,6.0183781584477085,354.6758926332328,348.85440214565585,178.8702152518789,172.79535093029142,47.84002114878471,123.30580032052691,118.37814035813953
Plank,data/Plank/Images\00000284.jpg,180.13658086051618,182.86240522611172,252.31960859877913,103.7583516877803,169.9217827470694,167.75394528462311,359.79123432689806,0.1492518418469031,344.87282104599586,248.13714612179,250.15152252384019,195.25511870305778,280.1591601254996,282.01522035519736
Plank,data/Plank/Images\00000287.jpg,180.35498789577122,178.31531568210372,76.05763265699332,282.9946167919165,182.61918116126242,183.1363583683326,0.16503434994907512,359.87642913585074,353.5545819637403,169.38034472384487,169.7386252827656,26.56505117707799,118.74669258062949,119.12243212451965
Plank,data/Plank/Images\00000288.jpg,173.91599493494658,176.05481377096245,78.14440993256407,281.4690066676762,182.37065811542942,179.64027095131428,0.6315814357735764,359.36875861699974,355.81508387488157,165.3311166311043,164.49832843011058,22.750976342787634,113.23036148716527,112.36867589620974
Plank,data/Plank/Images\00000289.jpg,172.7118902304064,172.23483398157467,67.74701096252454,292.90576965841717,186.22725100763074,185.71059313749964,0.16252391445551714,359.88471689699423,0.0,183.85474474477465,187.73285431289193,120.57922687248902,130.98322284805315,130.68650417871865
Plank,data/Plank/Images\00000291.jpg,78.0201856626993,71.98352672357565,71.48776809528341,289.09925427935013,182.68221697497313,181.37827915431112,0.05308849952870091,0.11190567706622047,349.74634994136414,176.57467297252538,178.2345930915379,24.462479118443277,152.26573742603017,155.6227403930027
Plank,data/Plank/Images\00000292.jpg,186.34019174590992,179.22446997773795,81.13537661158922,307.24350971441606,176.94440654224707,184.7500548331404,0.0,0.0,39.40458920264247,190.37205914718578,186.68225203726846,212.10625595511783,141.40744028253317,139.9697407281103
Plank,data/Plank/Images\00000293.jpg,182.87196248699277,173.65980825409008,72.25067500511203,290.84035851246244,184.61635209355103,186.7910962081611,0.5130132129257945,359.5489513625114,357.1778447001882,171.2297948194978,171.44886585007956,350.3266445675965,116.55738824018198,115.84343774682803
Plank,data/Plank/Images\00000294.jpg,188.4269690214807,175.6223683078241,302.9343742516104,78.7363222826327,180.92778577446165,168.1086152778674,341.8269498922911,27.415935450467718,58.93537072089213,191.43470664125263,205.73494672266685,344.01061743777024,269.1923340942377,253.7776769830249
Plank,data/Plank/Images\00000295.jpg,184.9697407281103,179.68257510624753,288.6597903455758,72.31111480353259,177.6626941408762,176.6518655146224,1.1526852444231637,358.65485347056926,348.2226678167404,187.08220506458034,188.24393227946896,155.25903865529813,242.20274692199447,243.61561059202194
Plank,data/Plank/Images\00000297.jpg,185.6207376143043,187.53173476685862,70.00989167201085,302.18702460469626,169.00749241973227,173.08478202096728,358.5395174881564,1.5782910985799328,26.976788220809777,183.0853448773093,180.2207168442365,257.35287386427393,119.81728005682754,118.21199070461617
Plank,data/Plank/Images\00000298.jpg,183.94518622903755,187.38277197290256,302.24594199504395,55.5071680374119,175.6012946450045,178.1642252594543,357.69887060804746,1.9482797622688666,3.1513874261796673,170.13419305691565,163.23479749178966,209.29136217098429,224.62925100159055,223.95898871615165
Plank,data/Plank/Images\00000300.jpg,180.13658086051618,182.86240522611172,252.31960859877913,103.7583516877803,169.9217827470694,167.75394528462311,359.79123432689806,0.1492518418469031,344.87282104599586,248.13714612179,250.15152252384019,195.25511870305778,280.1591601254996,282.01522035519736
Plank,data/Plank/Images\00000302.jpg,180.67552689320385,193.6858973482067,81.1982916767922,271.4617422435979,179.40989579605252,179.81027956917467,359.4927687527018,0.6116754747137857,359.77278726040834,157.24135661865074,151.91391007781357,212.9052429229879,108.43494882292201,108.16679580647856
Plank,data/Plank/Images\00000303.jpg,183.08730572792467,183.49429337019293,285.1510865350157,72.21334916115156,168.0376278996492,171.60500363127886,1.3679515483412523,358.540323979688,353.60468588838756,190.33161602584937,186.76061561956195,138.33633670221332,242.2994252440749,242.0072830913935
Plank,data/Plank/Images\00000304.jpg,166.16237757436696,164.32501014662807,57.04940384069365,293.98388895659366,184.2851735758835,181.34507836643354,355.91389802235807,3.8458898750363857,348.8826576561528,184.7426478739983,181.2308314391275,16.073574164746393,123.85857591387548,124.25994577902178
Plank,data/Plank/Images\00000306.jpg,168.60682916394012,187.4169137191384,113.70264595096624,90.0,174.0938588862295,167.37753356019073,354.69191419580534,5.5522614702054,179.93314381154127,190.66978280449666,204.20588504449637,284.0362434679265,158.64446306558068,240.58577358664914
Plank,data/Plank/Images\00000307.jpg,182.29061004263855,175.49295957294976,301.6075022462489,60.51359415041256,134.67071753615335,136.21887523513132,1.9012364646144304,357.6934385235045,5.589325655578601,192.17362251861982,192.17362251861982,65.81264648325939,235.77424172160073,235.99250758026773
Plank,data/Plank/Images\00000312.jpg,187.9886024660428,188.63245210767678,78.788417222566,283.6165715495356,178.68388351262965,180.96912699961177,0.6241123462052721,359.41176831153564,7.738676986788281,169.22135941035825,169.01009467801987,281.07020257793937,119.85842807558943,119.20481654354728
Plank,data/Plank/Images\00000313.jpg,172.84564383313884,165.4867002832418,63.210260643297495,298.1458646283036,174.97629335240583,176.92845660874661,359.6113881683631,0.34716775439001196,3.5646389721156746,174.73942024953917,170.56958189086288,250.55996517182382,113.92727338004946,109.67501278424031
Plank,data/Plank/Images\00000318.jpg,194.12348699939264,190.36530894943616,293.6864361002348,67.78908074755626,174.93283827414683,173.2915115344484,359.69366904818133,0.3105431895058986,358.76097148412646,179.30182473218625,179.54343392097212,184.08561677997488,231.09010837868354,229.5554762498766
Plank,data/Plank/Images\00000320.jpg,180.81108297856554,178.47808464094874,86.68515356511894,272.77733126493837,190.24718604537722,187.79068752208846,0.19954536655958363,359.8732396326723,352.7015358070302,158.93671324003225,159.79932620670021,60.78075330951538,117.06380488594694,117.9758999817679
Plank,data/Plank/Images\00000322.jpg,169.01934998982645,175.98916409529448,79.9880269047602,14.460918512370956,184.22036256249,186.60046589590394,353.3546429475667,6.602897203756129,95.54989882935249,183.70681749223954,191.33261788111503,315.16814560536363,157.23356477292705,300.0311987446209
Plank,data/Plank/Images\00000324.jpg,280.53918372862825,272.94252045636864,297.58821470073804,60.62127179816531,146.30602656499954,147.58562525553478,0.9793196543394874,358.98041362905747,350.5376777919744,177.6482883074021,175.25650935171618,156.0555342332303,188.6417768040067,191.23639947979137
Plank,data/Plank/Images\00000328.jpg,176.84616186015103,182.94252045636864,72.80368584797488,292.46519765257983,180.90835074592098,190.839341171125,358.99135585229953,1.1027769242501757,13.951209722829493,171.2946581438444,164.41060399573456,274.7279878188422,116.542082335048,116.99018114409506
Plank,data/Plank/Images\00000335.jpg,173.54198375226542,174.27250711483003,70.10995030344112,290.96863246207863,177.51612386184368,178.6516011823126,359.827499281193,0.18972043082531734,4.327874465629606,160.21892289296494,158.9239171960129,167.47119229084848,106.326853510565,109.94959712778454
Plank,data/Plank/Images\00000337.jpg,175.6012946450045,165.0271242332131,73.33652091711207,289.4400348281762,187.64040676102678,191.03677230519375,1.2453642667683502,358.8714814989746,351.2025892900089,165.6997225508144,164.128821388543,12.528807709151511,117.03344588370904,116.92998751280865
Plank,data/Plank/Images\00000338.jpg,179.87029840035387,178.66778014613035,279.815904427653,78.17467711385483,187.62604691683794,187.68190461625144,359.7625410537151,0.18120534679833963,0.08685558710128716,182.96393680344406,184.41371603830763,86.82016988013572,239.2580305142883,240.64428721407145
Plank,data/Plank/Images\00000341.jpg,288.55807709938136,270.8601200619168,288.6767017321901,75.0927032044726,147.84844611985372,140.98968843310408,5.179440511368697,354.40637344583166,351.64846871465534,193.61519670379917,195.53477861523334,146.2753335775536,202.97336184349464,204.44997514180164
Plank,data/Plank/Images\00000342.jpg,195.19357653605599,189.03791678866415,302.5941632676271,63.89664123810441,174.85329767807215,173.02723071397355,1.3536495173186056,358.52336914086794,356.13701712849496,190.93073493151596,188.07640435721345,120.0896862387767,242.93699190689267,241.9320793485247
Plank,data/Plank/Images\00000345.jpg,280.41129461291985,261.57303097851934,280.21349639002716,85.98582430458897,187.664293271391,183.52669081066674,359.51007178372157,0.38694101224039484,0.0,183.01690417176593,185.85163124767334,132.09618113490373,208.68975196030772,212.4145888337961
Plank,data/Plank/Images\00000349.jpg,194.12348699939264,190.36530894943616,293.6864361002348,67.78908074755626,174.93283827414683,173.2915115344484,359.69366904818133,0.3105431895058986,358.76097148412646,179.30182473218625,179.54343392097212,184.08561677997488,231.09010837868354,229.5554762498766
Plank,data/Plank/Images\00000355.jpg,162.04704526722904,167.71194193173335,62.172926703500266,280.3185099101929,182.8996776371344,182.6436734672512,354.75239482793074,5.200538857830327,354.59018396575703,171.0698477510178,154.7217927290232,349.9194020124577,116.35536947999977,106.62481196569934
Plank,data/Plank/Images\00000357.jpg,176.57425630726016,181.01218761398246,287.791377338429,67.07507704329738,170.70948419531823,176.84797179508888,359.20506497192986,0.9391909457355798,1.0135067641402302,188.35398163696115,182.5109017862384,353.2901631922431,243.95111305268685,239.9190011086341
Plank,data/Plank/Images\00000360.jpg,176.9059419410829,183.17983011986425,74.28661964765212,281.0035408517495,183.8315927700476,183.02337626390627,0.1338202981100393,359.8959070814094,349.695153531234,169.285281016721,169.2021313653977,26.56505117707799,118.77980630439721,119.0942316450351
Plank,data/Plank/Images\00000363.jpg,204.581967965108,204.43033562699748,317.89836509059836,40.556497328477505,172.50376144987703,172.55741400048313,0.7254165819389846,359.0420184053352,357.2072976342867,172.47965053555978,173.6501057387071,70.16543275753766,243.66231183391255,236.27694199912952
Plank,data/Plank/Images\00000366.jpg,176.57425630726016,181.01218761398246,287.791377338429,67.07507704329738,170.70948419531823,176.84797179508888,359.20506497192986,0.9391909457355798,1.0135067641402302,188.35398163696115,182.5109017862384,353.2901631922431,243.95111305268685,239.9190011086341
Plank,data/Plank/Images\00000375.jpg,175.57072059267,182.18395022767632,79.80770297439962,278.6324521076767,169.54579554757476,174.2609015019104,359.47419614379197,0.5637316889537002,5.5930525387498475,162.19847101441204,159.1740473210116,231.546290783294,108.588539285842,108.20676657210333
Plank,data/Plank/Images\00000377.jpg,177.99897841081204,181.44109929212215,273.8952715048251,83.44034010791057,175.40459583139582,177.51044707800085,358.193834117486,1.6910106496621748,10.093521361522582,196.14853482010665,195.10629883120077,316.6929784376289,240.03669410662667,240.02991645861704
Plank,data/Plank/Images\00000380.jpg,175.2363583092738,178.72696997994328,69.44395478041653,289.7079788429787,177.35745470593528,171.9300296295525,0.6273507571893518,359.4482117993624,353.57697829804016,180.0,182.75542470050277,49.14777653808087,118.30900807467941,120.97554497841561
Plank,data/Plank/Images\00000381.jpg,165.25643716352928,167.3196165081802,54.51035688784585,297.80439080013036,248.0124450363038,174.5934679361331,344.6818748668118,14.879816437616388,349.8467293139023,134.7085692502616,177.5984389345877,355.3645365730974,103.13548652319561,115.7434266759992
Plank,data/Plank/Images\00000384.jpg,179.81354298430546,178.8542371618249,60.935574048012626,299.62625666413345,188.22598748823066,190.25119875081745,2.5434048965079548,357.5939292584364,353.53592568062317,186.23431664689295,183.8460300900474,32.58490244572693,124.17832417743689,122.72089985296454
Plank,data/Plank/Images\00000387.jpg,178.1242272355008,172.52686775750152,73.16935125605653,290.37979626149564,181.00209417571952,178.25758501764128,0.44732806257539504,359.65929317465,350.3112134396332,171.08741994807392,172.72905815632876,32.58836141077341,117.98165724753906,120.98815732630258
Plank,data/Plank/Images\00000388.jpg,188.62016215086973,72.81429385577523,98.62016215086976,286.52412146653063,188.25385114556244,178.7811247648687,22.070073837768575,344.8485735255045,89.62915870917195,171.2926297284796,160.10774294664455,107.48308160424924,140.43073242546552,130.16942508899842
Plank,data/Plank/Images\00000389.jpg,183.15334108822717,171.93675383430275,75.44545703783119,304.48088142574807,173.0222435574104,179.57915714173282,359.6436093341668,0.36045664695540597,32.32233061878021,168.1943438092559,166.69887588849593,243.6767017321901,116.128839907655,112.0958835082071
Plank,data/Plank/Images\00000390.jpg,194.56065841550802,191.30993247402023,293.2823562134897,66.34578664908977,183.76620036476086,174.93482747069353,1.5310949706411818,358.12279990386975,349.5792876032055,187.93826452354548,192.3234672630339,159.36647574784175,244.46962465831183,245.90397595509592
Plank,data/Plank/Images\00000391.jpg,168.61735718491917,160.63818566436302,66.3481621452435,290.70335453996336,182.5385445983988,179.17762902000183,1.5843439995582893,358.5530346984698,342.4138860862285,176.3381526875258,176.10971929020974,28.88119125234264,124.03186774725715,124.1895385179683
Plank,data/Plank/Images\00000395.jpg,182.48955292199915,182.38594403038883,288.6985778498071,71.58171661567523,178.83211476580644,180.30639162227072,1.0353294771649353,358.89549779277826,358.7157620848176,181.032434471132,182.40260946898604,103.27639704231592,235.23083594036677,236.41521449609883
Plank,data/Plank/Images\00000399.jpg,187.9434718105904,182.8713632903779,288.92464441605125,70.95168044183934,174.7626332581269,177.90665086111358,1.2513031108088788,358.66911088853266,356.1994242215869,182.37270963298255,181.65041651126867,186.51980175165698,239.54408484392218,238.33507959302773
Plank,data/Plank/Images\00000402.jpg,171.2538377374448,195.32810691773324,112.03798426377125,70.32616228047515,200.50110721371468,99.08494360802817,354.65817675737816,12.152456734760623,160.06932823153463,182.5565608201506,241.6529882325954,349.2124234039996,159.49224810289454,255.89653758122893
Plank,data/Plank/Images\00000404.jpg,105.92443147466741,164.52867183447987,21.6967188023928,284.98163257239094,185.39695170652632,191.65189996772088,9.005126448806966,352.83998317926796,264.9680657771708,157.718650676902,147.3390872783262,24.6804622644944,111.36757088842722,105.70372100250134
Plank,data/Plank/Images\00000406.jpg,177.89190468764303,172.5636735139874,256.13897243697886,102.1685646284923,176.05481377096245,179.02247034465543,3.3098815710440626,356.05355186751717,1.4798632009837436,227.91603142473159,226.04835258529738,135.0,260.66704291462656,258.9845567470936
Plank,data/Plank/Images\00000407.jpg,105.92443147466741,164.52867183447987,21.6967188023928,284.98163257239094,185.39695170652632,191.65189996772088,9.005126448806966,352.83998317926796,264.9680657771708,157.718650676902,147.3390872783262,24.6804622644944,111.36757088842722,105.70372100250134
Plank,data/Plank/Images\00000412.jpg,87.89603145495336,78.78604026622601,79.23337328830141,280.26500240042316,186.2826617564089,187.39242921672377,0.6799021771473569,359.3802219036471,349.0188273945392,171.65857253860057,169.02296025933845,18.86573603993064,148.32306204986824,150.20484092515937
Plank,data/Plank/Images\00000413.jpg,257.89085222154586,247.4569389999421,267.9223190816681,93.62957085632124,169.17666297228197,176.20238789282476,5.723622981696025,353.10630524870015,10.999949315396593,190.08617004345493,184.79474809450997,62.59242456218158,211.59348950136553,204.0790965581271
Plank,data/Plank/Images\00000415.jpg,183.77344830569808,180.8784013878692,64.71884420662091,295.741321317953,186.30601252177988,187.046155841312,2.3439905854011984,357.84180168308694,355.2765447165105,183.758555685472,183.23624809843608,42.357454705935275,122.79747612584337,122.26367918335501
Plank,data/Plank/Images\00000417.jpg,205.64656025259978,211.65934775139556,290.4049906717126,68.76004846926409,179.02802322678957,183.17983011986425,1.2759055099602434,358.6468372266678,345.1341751670891,191.0917031078897,187.45335533067257,200.6954507340633,241.00168544049427,239.2465737327571
Plank,data/Plank/Images\00000418.jpg,101.95187513002477,86.31651361083951,89.826552155932,271.0809241866607,182.12109639666144,180.7957235527393,357.3160175340512,2.376208303260798,8.846090205086027,171.5692777545093,170.36246188706906,154.70797884297872,148.64723833314406,149.1560910315451
Plank,data/Plank/Images\00000419.jpg,251.24134965215777,224.92288594223783,49.902492191487035,81.28193423121479,175.4080794585175,175.56265960061535,353.4327830746441,6.532626156910353,144.15908363059094,183.16009749221027,191.18375578617216,313.19371241072764,145.73266455665578,220.18651983579863
Plank,data/Plank/Images\00000426.jpg,183.1533410882272,177.65276310124156,65.24965359731276,294.34011788268253,183.63200817315814,182.59172656053164,0.31542776620329643,359.7843742604209,342.7336486343109,182.35180011115793,179.34589912392073,36.9756092962127,118.67495746925337,121.51678529944925
Plank,data/Plank/Images\00000428.jpg,171.11934084947978,173.12005640476428,69.94390526342458,287.75042498353736,187.9839399683765,183.0010607171,359.9871792842791,0.06903102625276267,354.319109182034,175.61213995615887,179.20357048354916,27.061106137473242,128.35644945693656,129.98759609350023
Plank,data/Plank/Images\00000429.jpg,110.28791963176563,93.24649184605408,103.88819268758209,259.5558045246442,177.53372857997553,174.57950959612853,0.41870553114094605,359.65963303648255,8.513987929750348,165.96375653207352,167.2347875541629,99.46232220802563,144.666182266162,146.7066953798251
Plank,data/Plank/Images\00000435.jpg,308.167638322583,270.2588647123134,288.64630050501336,67.98667030497421,183.06802582757098,172.24464294307552,4.07397077689282,354.81143953215536,347.34921143298266,180.98811159615278,183.5335032791107,97.12501634890181,199.80147308025553,201.46977603547057
Plank,data/Plank/Images\00000437.jpg,189.1333834552695,199.64646145471255,274.6765540730273,150.76991893595786,176.249696623201,178.5750257274846,311.3086140135487,49.778125949711274,77.21329855081325,164.373536054424,203.98269912524373,351.0273733851036,208.64502340989125,212.7192538394461
Plank,data/Plank/Images\00000440.jpg,269.17193437746334,203.03275659318712,49.39066346590549,59.502052550691474,175.75642185809457,175.80885665296105,356.8970796372382,3.1613663423521623,113.44945186967,166.3781930485262,172.36579553525007,319.1646726518659,130.22748212351786,204.54256177899796
